Código_AEMET,Nombre,Provincia,Municipio,Altitud,Latitud,Longitud,Tipo,Fecha_Inicio,Fecha_Final
B013X,"ESCORCA, LLUC",ILLES BALEARS,nan,490,394924N,025309E,,,
B051A,"SÓLLER, PUERTO",ILLES BALEARS,nan,5,394744N,024129E,,,
B087X,BANYALBUFAR,ILLES BALEARS,nan,60,394121N,023046E,,,
B103B,ANDRATX - SANT ELM,ILLES BALEARS,nan,52,393446N,022208E,,,
B158X,"CALVIÀ, ES CAPDELLÀ",BALEARES,nan,50,393305N,022759E,,,
B228,"PALMA, PUERTO",ILLES BALEARS,nan,3,393315N,023731E,,,
B236C,"PALMA, UNIVERSITAT",ILLES BALEARS,nan,95,393832N,023838E,,,
B248,"SIERRA DE ALFABIA, BUNYOLA",ILLES BALEARS,nan,1030,394406N,024247E,,,
B275E,"SON BONET, AEROPUERTO",BALEARES,nan,47,393621N,024224E,,,
B278,"PALMA DE MALLORCA, AEROPUERTO",BALEARES,nan,5,393339N,024412E,,,
B301,"LLUCMAJOR, CAP BLANC",ILLES BALEARS,nan,113,392247N,024706E,,,
B334X,LLUCMAJOR,ILLES BALEARS,nan,140,392944N,025330E,,,
B341X,PORRERES,ILLES BALEARS,nan,149,393022N,030020E,,,
B346X,PORRERES,ILLES BALEARS,nan,120,393118N,030109E,,,
B362X,"CAMPOS, CAN SION",ILLES BALEARS,nan,40,392421N,030351E,,,
B373X,"CAMPOS, SALINES LLEVANT",ILLES BALEARS,nan,3,392104N,030043E,,,
B398A,"CABRERA, PARQUE NACIONAL DE CABRERA",ILLES BALEARS,nan,165,390808N,025612E,,,
B410B,SANTANYÍ,ILLES BALEARS,nan,45,392024N,030845E,,,
B434X,PORTOCOLOM  ,ILLES BALEARS,nan,17,392452N,031618E,,,
B496X,SON SERVERA,ILLES BALEARS,nan,25,393749N,032301E,,,
B526X,ARTÀ,ILLES BALEARS,nan,110,394119N,032104E,,,
B569X,CAPDEPERA,ILLES BALEARS,nan,57,394300N,032841E,,,
B603X,ARTÀ-COLÒNIA DE SANT PERE,ILLES BALEARS,nan,99,394323N,031643E,,,
B605X,"MURO, S'ALBUFERA",ILLES BALEARS,nan,2,394748N,030617E,,,
B614E,MANACOR,ILLES BALEARS,nan,100,393325N,031304E,,,
B640X,PETRA,ILLES BALEARS,nan,95,393659N,030716E,,,
B644B,SINEU,ILLES BALEARS,nan,120,393836N,030008E,,,
B656A,SANTA MARÍA DEL CAMÍ,ILLES BALEARS,nan,121,393909N,024801E,,,
B662X,BINISSALEM,ILLES BALEARS,nan,105,394041N,025226E,,,
B684A,"ESCORCA, SON TORRELLA",ILLES BALEARS,nan,842,394734N,024716E,,,
B691,LA PUEBLA (SA CANOVA),BALEARES,nan,40,394454N,030055E,,,
B691Y,SA POBLA,BALEARES,nan,32,394457N,030100E,,,
B760X,POLLENÇA,ILLES BALEARS,nan,45,395237N,030127E,,,
B780X,PORT DE POLLENÇA,ILLES BALEARS,nan,2,395434N,030601E,,,
B800X,"LA MOLA, MAÓ",ILLES BALEARS,nan,78,395234N,041926E,,,
B825B,ES MERCADAL,ILLES BALEARS,nan,80,395926N,040511E,,,
B860X,CIUTADELLA,ILLES BALEARS,nan,20,395934N,035114E,,,
B870C,"CIUTADELLA, CALA GALDANA",ILLES BALEARS,nan,43,395641N,035724E,,,
B893,"MENORCA, AEROPUERTO",BALEARES,nan,91,395117N,041256E,,,
B908X,SANT JOAN DE LABRITJA,ILLES BALEARS,nan,110,390322N,012933E,,,
B925,SANT ANTONI DE PORTMANY,ILLES BALEARS,nan,32,385747N,011917E,,,
B954,"IBIZA, AEROPUERTO",ILLES BALEARS,nan,6,385235N,012304E,,,
B957,EIVISSA,ILLES BALEARS,nan,3,385522N,012629E,,,
B986,FORMENTERA,ILLES BALEARS,nan,24,384137N,012749E,,,
C018J,TÍAS,LAS PALMAS,nan,376,285811N,134125W,,,
C019V,YAIZA PLAYA BLANCA,LAS PALMAS,nan,6,285132N,135006W,,,
C029O,LANZAROTE AEROPUERTO,LAS PALMAS,nan,14,285707N,133601W,,,
C038N,HARÍA,LAS PALMAS,nan,277,290837N,132921W,,,
C048W,TINAJO,LAS PALMAS,nan,275,290233N,134051W,,,
C101A,ROQUE DE LOS MUCHACHOS,STA. CRUZ DE TENERIFE,nan,2223,284521N,175343W,,,
C117A,PUNTAGORDA,STA. CRUZ DE TENERIFE,nan,684,284538N,175908W,,,
C117Z,TIJARAFE,STA. CRUZ DE TENERIFE,nan,733,284029N,175612W,,,
C126A,EL PASO,STA. CRUZ DE TENERIFE,nan,844,283914N,175111W,,,
C129V,FUENCALIENTE,STA. CRUZ DE TENERIFE,nan,19,282718N,175028W,,,
C129Z,TAZACORTE,SANTA CRUZ DE TENERIFE,nan,62,283545N,175455W,,,
C139E,LA PALMA AEROPUERTO,SANTA CRUZ DE TENERIFE,nan,33,283759N,174518W,,,
C148F,SAN ANDRÉS Y SAUCES,STA. CRUZ DE TENERIFE,nan,362,284817N,174656W,,,
C229J,PÁJARA,LAS PALMAS,nan,15,280257N,142129W,,,
C239N,"TUINEJE,PUERTO GRAN TARAJAL",LAS PALMAS,nan,1,281231N,140123W,,,
C248E,ANTIGUA,LAS PALMAS,nan,252,282501N,140109W,,,
C249I,FUERTEVENTURA AEROPUERTO,LAS PALMAS,nan,25,282641N,135147W,,,
C258K,LA OLIVA,LAS PALMAS,nan,217,283645N,135554W,,,
C314Z,"VALLEHERMOSO, ALTO IGUALERO  ",STA. CRUZ DE TENERIFE,nan,1474,280625N,171457W,,,
C316I,ARURE,STA. CRUZ DE TENERIFE,nan,916,280742N,171854W,,,
C317B,AGULO,STA. CRUZ DE TENERIFE,nan,765,281044N,171247W,,,
C319W,"VALLEHERMOSO, DAMA",STA. CRUZ DE TENERIFE,nan,190,280315N,171823W,,,
C328W,HERMIGUA,STA. CRUZ DE TENERIFE,nan,252,280949N,171139W,,,
C329B,"LA GOMERA, AEROPUERTO",STA. CRUZ DE TENERIFE,nan,219,280154N,171239W,,,
C329Z,SAN SEBASTIÁN DE LA GOMERA,STA. CRUZ DE TENERIFE,nan,15,280523N,170641W,,,
C406G,"LA OROTAVA, CAÑADAS TEIDE",STA. CRUZ DE TENERIFE,nan,2150,281327N,163734W,,,
C412N,CITFAGRO_89_CHAVAO,STA. CRUZ DE TENERIFE,nan,2071,281311N,164219W,,,
C415A,CITFAGRO_64_HOYOS,STA. CRUZ DE TENERIFE,nan,990,281819N,164820W,,,
C417J,CITFAGRO_74_CHIO,STA. CRUZ DE TENERIFE,nan,735,281400N,164721W,,,
C418I,CITFAGRO_05_GUIAISO1,STA. CRUZ DE TENERIFE,nan,476,281252N,164723W,,,
C418L,CITFAGRO_76_POZO,STA. CRUZ DE TENERIFE,nan,700,281201N,164547W,,,
C419L,LOMO DEL BALO,SANTA CRUZ DE TENERIFE,nan,403,281225N,164731W,,,
C419X,ADEJE,STA. CRUZ DE TENERIFE,nan,130,280453N,164238W,,,
C422A,CITFAGRO_94_LOSTOPOS,STA. CRUZ DE TENERIFE,nan,1833,281019N,163905W,,,
C423R,CITFAGRO_90_PICACHO,STA. CRUZ DE TENERIFE,nan,1654,281327N,163116W,,,
C426E,CITFAGRO_13_VILAFLOR,STA. CRUZ DE TENERIFE,nan,1258,280839N,163741W,,,
C426I,CITFAGRO_77_PINAL,STA. CRUZ DE TENERIFE,nan,880,280737N,163621W,,,
C426R,CITFAGRO_09_HELECHO,STA. CRUZ DE TENERIFE,nan,930,281301N,162926W,,,
C428T,ARICO,STA. CRUZ DE TENERIFE,nan,418,281051N,162860W,,,
C428U,CITFAGRO_01_ARICO,STA. CRUZ DE TENERIFE,nan,135,280752N,162821W,,,
C429I,TENERIFE SUR AEROPUERTO,SANTA CRUZ DE TENERIFE,nan,64,280249N,163340W,,,
C430E,IZAÑA,SANTA CRUZ DE TENERIFE,nan,2369,281830N,162959W,,,
C436I,CITFAGRO_54_TOPONEGRO,STA. CRUZ DE TENERIFE,nan,290,281935N,162420W,,,
C436L,CITFAGRO_96_ARAYA,STA. CRUZ DE TENERIFE,nan,525,282214N,162351W,,,
C437E,CITFAGRO_81_MENA,STA. CRUZ DE TENERIFE,nan,500,281611N,162511W,,,
C438N,CANDELARIA,STA. CRUZ DE TENERIFE,nan,463,282133N,162406W,,,
C439J,GÜÍMAR,SANTA CRUZ DE TENERIFE,nan,115,281906N,162256W,,,
C446G,"SAN CRISTÓBAL DE LA LAGUNA,LLANO DE LOS LOROS",STA. CRUZ DE TENERIFE,nan,868,283135N,161649W,,,
C447A,TENERIFE NORTE AEROPUERTO,SANTA CRUZ DE TENERIFE,nan,632,282839N,161946W,,,
C448C,CITFAGRO_92_SANTACRUZ,STA. CRUZ DE TENERIFE,nan,136,282745N,161624W,,,
C449C,STA.CRUZ DE TENERIFE,SANTA CRUZ DE TENERIFE,nan,36,282748N,161519W,,,
C449F,ANAGA ,STA. CRUZ DE TENERIFE,nan,19,283029N,161144W,,,
C449Q,CITFAGRO_97_TAGANANA,STA. CRUZ DE TENERIFE,nan,305,283336N,161341W,,,
C453I,CITFAGRO_88_GAITERO,STA. CRUZ DE TENERIFE,nan,1744,282341N,162600W,,,
C455M,CITFAGRO_87_AGUAMANSA,STA. CRUZ DE TENERIFE,nan,1065,282142N,162949W,,,
C456E,CITFAGRO_10_RAVELO,STA. CRUZ DE TENERIFE,nan,922,282714N,162431W,,,
C456P,CITFAGRO_70_BENIJO,STA. CRUZ DE TENERIFE,nan,906,282141N,163248W,,,
C456R,CITFAGRO_69_SUERTE,STA. CRUZ DE TENERIFE,nan,551,282222N,163231W,,,
C457E,CITFAGRO_67_MATANZA,STA. CRUZ DE TENERIFE,nan,650,282658N,162617W,,,
C457I,LA VICTORIA DE ACENTEJO,STA. CRUZ DE TENERIFE,nan,567,282604N,162716W,,,
C458A,TACORONTE,STA. CRUZ DE TENERIFE,nan,310,282947N,162512W,,,
C458U,CITFAGRO_71_PALOB,STA. CRUZ DE TENERIFE,nan,595,282207N,163441W,,,
C459Z,PUERTO DE LA CRUZ,STA. CRUZ DE TENERIFE,nan,25,282505N,163254W,,,
C466O,CITFAGRO_91_CUBO,STA. CRUZ DE TENERIFE,nan,878,282021N,164740W,,,
C467I,CITFAGRO_73_REDON,STA. CRUZ DE TENERIFE,nan,525,282112N,164230W,,,
C468I,CITFAGRO_98_ELDRAGO,STA. CRUZ DE TENERIFE,nan,218,282201N,164320W,,,
C468O,CITFAGRO_62_TRIGO,STA. CRUZ DE TENERIFE,nan,450,282125N,164805W,,,
C468X,SAN JUAN DE LA RAMBLA,STA. CRUZ DE TENERIFE,nan,667,282223N,163733W,,,
C611E,VEGA DE SAN MATEO,LAS PALMAS,nan,1702,275836N,153502W,,,
C612F,"TEJEDA, CRUZ DE TEJEDA",LAS PALMAS,nan,1514,280025N,153556W,,,
C614H,TEJEDA,LAS PALMAS,nan,1060,275942N,153657W,,,
C619I,LA ALDEA DE SAN NICOLÁS,LAS PALMAS,nan,10,280003N,154850W,,,
C619X,AGAETE,LAS PALMAS,nan,5,280604N,154246W,,,
C619Y,LA ALDEA DE SAN NICOLÁS,LAS PALMAS,nan,13,280004N,154827W,,,
C623I,"SAN BARTOLOME TIRAJANA, CUEVAS DEL PINAR",LAS PALMAS,nan,1220,275536N,153559W,,,
C625O,"SAN BARTOLOME TIRAJANA, LOMO PEDRO ALFONSO",LAS PALMAS,nan,806,275125N,153842W,,,
C628B,"LA ALDEA DE SAN NICOLÁS, TASARTE",LAS PALMAS,nan,318,275432N,154612W,,,
C629Q,"MOGÁN, PUERTO RICO",LAS PALMAS,nan,10,274648N,154240W,,,
C629X,"MOGÁN, PUERTO",LAS PALMAS,nan,10,274859N,154551W,,,
C635B,"SAN BARTOLOME TIRAJANA, LAS TIRAJANAS",LAS PALMAS,nan,960,275512N,153427W,,,
C639M,"MASPALOMAS, C. INSULAR TURISMO ",LAS PALMAS,nan,45,274529N,153432W,,,
C639U,"SAN BARTOLOME TIRAJANA, EL MATORRAL",LAS PALMAS,nan,41,274845N,152711W,,,
C648C,AGÜIMES,LAS PALMAS,nan,306,275409N,152714W,,,
C648N,"TELDE, CENTRO FORESTAL DORAMAS",LAS PALMAS,nan,344,275915N,152728W,,,
C649I,GRAN CANARIA AEROPUERTO,LAS PALMAS,nan,24,275504N,152343W,,,
C649R,"TELDE, MELENARA",LAS PALMAS,nan,9,275912N,152240W,,,
C656V,TEROR,LAS PALMAS,nan,683,280431N,153250W,,,
C658L,LAS PALMAS DE G.C. (TAFIRA CMT),LAS PALMAS,nan,269,280430N,152703W,,,
C658X,"LAS PALMAS DE GRAN CANARIA, TAFIRA",LAS PALMAS,nan,269,280441N,152712W,,,
C659H,"LAS PALMAS DE GRAN CANARIA, SAN CRISTOBAL",LAS PALMAS,nan,55,280523N,152458W,,,
C659M,"LAS PALMAS DE GRAN CANARIA, PL. DE LA FERIA",LAS PALMAS,nan,15,280647N,152517W,,,
C665T,VALLESECO,LAS PALMAS,nan,900,280356N,153356W,,,
C668V,AGAETE - SUERTE ALTA,LAS PALMAS,nan,352,280540N,154030W,,,
C669B,ARUCAS,LAS PALMAS,nan,86,280830N,153024W,,,
C689E,MASPALOMAS,LAS PALMAS,nan,6,274409N,153545W,,,
C839I,TEGUISE,LAS PALMAS,nan,10,291355N,133007W,,,
C839X,LA GRACIOSA,LAS PALMAS,nan,19,291347N,133037W,,,
C916Q,"EL PINAR, DEPÓSITO",STA. CRUZ DE TENERIFE,nan,948,274308N,175841W,,,
C917E,"EL PINAR, LA DEHESA",STA. CRUZ DE TENERIFE,nan,713,274331N,180654W,,,
C919K,TACORON-LAPILLAS-TORTUGA,STA. CRUZ DE TENERIFE,nan,98,273955N,180107W,,,
C925F,"SAN ANDRÉS, VALVERDE",STA. CRUZ DE TENERIFE,nan,1070,274608N,175737W,,,
C928I,VALVERDE,STA. CRUZ DE TENERIFE,nan,670,274839N,175510W,,,
C929I,HIERRO AEROPUERTO,SANTA CRUZ DE TENERIFE,nan,32,274908N,175320W,,,
C939T,"FRONTERA, SABINOSA",STA. CRUZ DE TENERIFE,nan,20,274523N,180627W,,,
0002I,VANDELLÒS  ,TARRAGONA,nan,32,405729N,005217E,,,
0009X,ALFORJA,TARRAGONA,nan,406,411250N,005748E,,,
0016A,REUS AEROPUERTO,TARRAGONA,nan,71,410842N,010949E,,,
0016B,REUS (CENTRE LECTURA),TARRAGONA,nan,118,410915N,010632E,,,
0034X,VALLS,TARRAGONA,nan,233,411735N,011539E,,,
0042Y,TARRAGONA ,TARRAGONA,nan,55,410726N,011457E,,,
0061X,PONTONS,BARCELONA,nan,632,412501N,013109E,,,
0066X,VILAFRANCA DEL PENEDÈS,BARCELONA,nan,177,411949N,014037E,,,
0073X,SITGES,BARCELONA,nan,58,411438N,015109E,,,
0076,BARCELONA AEROPUERTO,BARCELONA,nan,4,411734N,020412E,,,
0092X,BERGA,BARCELONA,nan,682,420605N,015127E,,,
0106X,BALSARENY,BARCELONA,nan,361,415159N,015221E,,,
0114X,PRATS DE LLUÇANÈS,BARCELONA,nan,700,420025N,020136E,,,
0120X,MOIÀ,BARCELONA,nan,742,414848N,020543E,,,
0149D,MANRESA (LA CULLA),BARCELONA,nan,291,414312N,015025E,,,
0149X,MANRESA,BARCELONA,nan,291,414312N,015025E,,,
0158O,MONTSERRAT,BARCELONA,nan,738,413540N,015021E,,,
0158X,MONISTROL DE MONTSERRAT,BARCELONA,nan,738,413540N,015021E,,,
0171X,IGUALADA,BARCELONA,nan,313,413444N,013704E,,,
0194D,"CORBERA, PUIG D'AGULLES",BARCELONA,nan,647,412429N,015306E,,,
0200E,"BARCELONA, FABRA",BARCELONA,nan,408,412506N,020727E,,,
0201D,"BARCELONA, PORT OLÍMPIC",BARCELONA,nan,26,412326N,021200E,,,
0201X,"BARCELONA, DRASSANES",BARCELONA,nan,11,412230N,021026E,,,
0222X,CALDES DE MONTBUI,BARCELONA,nan,175,413646N,021006E,,,
0229I,SABADELL AEROPUERTO,BARCELONA,nan,146,413125N,020611E,,,
0244X,VILASSAR DE DALT,BARCELONA,nan,56,413018N,022145E,,,
0252D,ARENYS DE MAR,BARCELONA,nan,74,413514N,023224E,,,
0255B,SANTA SUSANNA,BARCELONA,nan,40,413903N,024149E,,,
0260X,FOGARS DE MONTCLÚS,BARCELONA,nan,936,414536N,022552E,,,
0281Y,BLANES,GIRONA,nan,45,414037N,024818E,,,
0284X,CASTELL D'ARO,GIRONA,nan,14,414828N,030151E,,,
0294B,LA BISBAL (D'EMPORDA 3),GIRONA,nan,51,415804N,030232E,,,
0312X,SANT PAU DE SEGÚRIES,GIRONA,nan,851,421530N,022152E,,,
0320I,PLANOLES,GIRONA,nan,1151,421901N,020610E,,,
0321,CAMPDEVANOL,GIRONA,nan,731,421322N,021002E,,,
0324A,RIPOLL,GIRONA,nan,675,421129N,021146E,,,
0341,TONA (ESCOLA),BARCELONA,nan,607,415049N,021321E,,,
0341X,TONA,BARCELONA,nan,607,415049N,021321E,,,
0349,SANT JULIÀ  DE VILATORTA,BARCELONA,nan,578,415534N,021903E,,,
0360X,LES PLANES D'HOSTOLES,GIRONA,nan,337,420310N,023304E,,,
0363X,SANT HILARI,GIRONA,nan,810,415251N,023048E,,,
0367,GIRONA AEROPUERTO,GIRONA,nan,143,415441N,024547E,,,
0370B,"GIRONA, ANTIC INSTITUT",GIRONA,nan,95,415848N,024931E,,,
0370E,GIRONA,GIRONA,nan,76,415820N,024910E,,,
0372C,PORQUERES,GIRONA,nan,157,420616N,024549E,,,
0385X,L'ESTARTIT,GIRONA,nan,1,420314N,031205E,,,
0394X,LA VALL DE BIANYA,GIRONA,nan,350,421238N,022819E,,,
0411X,CASTELLÓ D'EMPÚRIES,GIRONA,nan,2,421329N,030535E,,,
0413A,MAÇANET DE CABRENYS,GIRONA,nan,355,422313N,024520E,,,
0421E,ESPOLLA 'LES ALBERES',GIRONA,nan,100,422324N,030022E,,,
0421X,ESPOLLA,GIRONA,nan,100,422324N,030022E,,,
0429X,FIGUERES,GIRONA,nan,45,421533N,025737E,,,
0433D,CABO DE CREUS,GIRONA,nan,75,421909N,031856E,,,
1002Y,"BAZTAN, IRURITA",NAVARRA,nan,183,430809N,013235W,,,
1010X,BERA,NAVARRA,nan,54,431643N,014033W,,,
1012P,IRUN,GIPUZKOA,nan,120,431935N,014748W,,,
1014,"HONDARRIBIA, MALKARROA",GIPUZKOA,nan,4,432125N,014732W,,,
1014A,DONOSTIA / SAN SEBASTIÁN AEROPUERTO,GIPUZKOA,nan,4,432125N,014732W,,,
1021X,"ERRENTERIA, AÑARBE",GIPUZKOA,nan,165,431250N,015244W,,,
1021Y,ARTICUTZA (AUTOMATICA),NAVARRA,nan,305,431244N,014752W,,,
1024E,"DONOSTIA / SAN SEBASTIÁN, IGELDO",GIPUZKOA,nan,250,431823N,020228W,,,
1025A,SEGURA,GIPUZKOA,nan,255,430056N,021524W,,,
1025X,"BEASAIN, ARRIARAN",GIPUZKOA,nan,255,430317N,021355W,,,
1026X,ORDIZIA,GIPUZKOA,nan,290,430329N,021103W,,,
1033X,ARESO,NAVARRA,nan,520,430506N,015703W,,,
1037X,LEGAZPI,GIPUZKOA,nan,460,430306N,022014W,,,
1037Y,ZUMARRAGA,GIPUZKOA,nan,420,430448N,021903W,,,
1038X,AZPEITIA,GIPUZKOA,nan,180,431021N,021602W,,,
1041A,ZUMAIA,GIPUZKOA,nan,28,431808N,021504W,,,
1044X,"ARAMAIO, ETXAGUEN",ARABA/ALAVA,nan,617,430328N,023523W,,,
1048X,ARETXABALETA,GIPUZKOA,nan,308,430130N,022757W,,,
1049N,ELGETA,GIPUZKOA,nan,470,430818N,022945W,,,
1050J,ELGOIBAR,GIPUZKOA,nan,119,431233N,022448W,,,
1052A,MUTRIKU,GIPUZKOA,nan,150,431902N,022350W,,,
1055B,LEKEITIO,BIZKAIA,nan,12,432237N,023037W,,,
1056K,FORUA,BIZKAIA,nan,45,432033N,024016W,,,
1057B,MATXITXAKO,BIZKAIA,nan,93,432714N,024510W,,,
1059X,PUNTA GALEA,BIZKAIA,nan,81,432230N,030118W,,,
1060X,AMURRIO,ARABA/ALAVA,nan,240,430301N,030020W,,,
1064L,"OROZKO, IBARRA",BIZKAIA,nan,270,430547N,025137W,,,
1069Y,"ABADIÑO, URKIOLA",BIZKAIA,nan,747,430557N,023839W,,,
1074C,AMOREBIETA-ETXANO,BIZKAIA,nan,100,431210N,024222W,,,
1078C,BALMASEDA,BIZKAIA,nan,210,431050N,031235W,,,
1078I,GÜEÑES,BIZKAIA,nan,208,431212N,030617W,,,
1082,BILBAO AEROPUERTO,BIZKAIA,nan,42,431753N,025423W,,,
1083B,SOPUERTA,BIZKAIA,nan,177,431647N,031007W,,,
1083L,CASTRO URDIALES,CANTABRIA,nan,45,432341N,031402W,,,
1089U,RAMALES DE LA VICTORIA,CANTABRIA,nan,80,431521N,032815W,,,
1096X,"BARCENA DE CICERO, TRETO",CANTABRIA,nan,10,432348N,032811W,,,
1103X,SAN ROQUE DE RIOMIERA,CANTABRIA,nan,849,431339N,034316W,,,
1109,SANTANDER AEROPUERTO,CANTABRIA,nan,3,432526N,034932W,,,
1109X,SANTANDER AEROPUERTO,CANTABRIA,nan,3,432543N,034953W,,,
1110,"SANTANDER, CIUDAD",CANTABRIA,nan,64,432754N,034908W,,,
1111,SANTANDER,CANTABRIA,nan,52,432928N,034802W,,,
1111X,SANTANDER,CANTABRIA,nan,51,432928N,034802W,,,
1124E,VILLACARRIEDO,CANTABRIA,nan,196,431444N,035058W,,,
1135C,"LOS TOJOS, BÁRCENA MAYOR",CANTABRIA,nan,460,430849N,041251W,,,
1152C,SAN FELICES DE BUELNA,CANTABRIA,nan,105,431619N,040255W,,,
1154H,"TORRELAVEGA, SIERRAPANDO",CANTABRIA,nan,110,432131N,040139W,,,
1159,SAN VICENTE DE LA BARQUERA,CANTABRIA,nan,38,432336N,042332W,,,
1167B,"CAMALEÑO, FUENTE DE",CANTABRIA,nan,1100,430838N,044846W,,,
1167G,"MIRADOR DEL CABLE, PARQUE NACIONAL PICOS DE EUROPA",CANTABRIA,nan,1910,430918N,044811W,,,
1167J,"CORISCAO, PARQUE NACIONAL PICOS DE EUROPA",CANTABRIA,nan,1722,430521N,044626W,,,
1174I,"CILLÓRIGO DE LIÉBANA, TAMA",CANTABRIA,nan,250,431058N,043606W,,,
1176A,TRESVISO,CANTABRIA,nan,940,431521N,044006W,,,
1178R,"SOTRES, PARQUE NACIONAL PICOS DE EUROPA",ASTURIAS,nan,1236,431415N,044412W,,,
1178Y,"POSADA DE VALDEÓN, SOTO ",LEON,nan,953,430843N,045554W,,,
1179B,CABRALES,ASTURIAS,nan,458,431840N,045110W,,,
1183X,LLANES,ASTURIAS,nan,10,432513N,044453W,,,
1186P,"AMIEVA, PANIZALES",ASTURIAS,nan,370,431560N,050709W,,,
1199X,"PILOÑA, BARGAÉU",ASTURIAS,nan,280,432240N,052348W,,,
1203D,COLUNGA,ASTURIAS,nan,30,432932N,051450W,,,
1207U,"GIJÓN, CAMPUS",ASTURIAS,nan,26,433123N,053716W,,,
1208,GIJÓN,ASTURIAS,nan,3,433220N,053815W,,,
1208A,GIJÓN. LA MERCED,ASTURIAS,nan,22,433230N,053943W,,,
1208H,"GIJÓN, PUERTO",ASTURIAS,nan,5,433335N,054203W,,,
1210X,CABO PEÑAS,ASTURIAS,nan,100,433921N,055055W,,,
1212E,ASTURIAS AEROPUERTO,ASTURIAS,nan,127,433401N,060239W,,,
1221D,PAJARES-VALGRANDE,ASTURIAS,nan,1480,425843N,054635W,,,
1223P,"LENA, RONZÓN",ASTURIAS,nan,370,430758N,054922W,,,
1226X,"ALLER, FELECHOSA",ASTURIAS,nan,750,430543N,052837W,,,
1234P,"MIERES, BAIÑA",ASTURIAS,nan,170,431630N,054909W,,,
1249I,OVIEDO,ASTURIAS,nan,336,432112N,055227W,,,
1249X,OVIEDO,ASTURIAS,nan,334,432112N,055226W,,,
1272B,"TINEO, SOUTU",ASTURIAS,nan,280,431725N,062312W,,,
1276F,POLA DE SOMIEDO,ASTURIAS,nan,670,430600N,061525W,,,
1279X,"SALAS, CAMUÑO",ASTURIAS,nan,240,432530N,061351W,,,
1283U,CABO BUSTO,ASTURIAS,nan,60,433409N,062812W,,,
1297E,CERVANTES,LUGO,nan,1020,424607N,070103W,,,
1302F,DEGAÑA,ASTURIAS,nan,1310,425719N,062821W,,,
1309C,"IBIAS, SAN ANTOLIN",ASTURIAS,nan,780,430139N,065306W,,,
1327A,"VILLAYÓN, ONETA",ASTURIAS,nan,410,432756N,064024W,,,
1331A,CASTROPOL,ASTURIAS,nan,40,433129N,070153W,,,
1341B,"TARAMUNDI, OURIA",ASTURIAS,nan,340,432456N,070340W,,,
1342X,RIBADEO,LUGO,nan,43,433226N,070459W,,,
1344X,MONDOÑEDO,LUGO,nan,125,432553N,072142W,,,
1347T,BURELA,LUGO,nan,80,433904N,072126W,,,
1351,ESTACA DE BARES,A CORUÑA,nan,90,434710N,074106W,,,
1354C,FERROL,A CORUÑA,nan,4,432835N,081544W,,,
1363X,AS PONTES,A CORUÑA,nan,343,432645N,075141W,,,
1387,A CORUÑA,A CORUÑA,nan,57,432157N,082517W,,,
1387D,A CORUÑA BENS,A CORUÑA,nan,132,432148N,082631W,,,
1387E,A CORUÑA AEROPUERTO,A CORUÑA,nan,98,431825N,082219W,,,
1390X,"CARBALLO, DEPURADORA",A CORUÑA,nan,98,431213N,084240W,,,
1393,CABO VILÁN,A CORUÑA,nan,50,430938N,091239W,,,
1399,VIMIANZO,A CORUÑA,nan,287,430327N,090249W,,,
1400,FISTERRA,A CORUÑA,nan,230,425529N,091729W,,,
1406X,MAZARICOS,A CORUÑA,nan,340,425607N,085937W,,,
1410X,SOBRADO,A CORUÑA,nan,500,430216N,080120W,,,
1428,SANTIAGO DE COMPOSTELA AEROPUERTO,A CORUÑA,nan,370,425317N,082438W,,,
1435C,NOIA,A CORUÑA,nan,128,424801N,085234W,,,
1437O,MONTE IROITE,A CORUÑA,nan,685,424314N,085524W,,,
1442U,BOIRO,A CORUÑA,nan,10,423838N,085332W,,,
1446X,MONTERROSO,LUGO,nan,680,424835N,074606W,,,
1455I,RODEIRO-VILAMAIOR,PONTEVEDRA,nan,645,424240N,075714W,,,
1465U,LALIN-CRISTIMIL,PONTEVEDRA,nan,463,423956N,081133W,,,
1466A,SILLEDA,PONTEVEDRA,nan,435,424203N,081528W,,,
1468X,A ESTRADA,PONTEVEDRA,nan,269,424137N,083007W,,,
1473A,PADRÓN,A CORUÑA,nan,100,424418N,083738W,,,
1475X,SANTIAGO DE COMPOSTELA,A CORUÑA,nan,240,425234N,083321W,,,
1476R,"ROIS, CASAS DO PORTO",A CORUÑA,nan,210,424459N,084253W,,,
1477U,VILAGARCIA DE AROUSA,PONTEVEDRA,nan,36,423456N,084611W,,,
1477V,VILAGARCÍA DE AROUSA,PONTEVEDRA,nan,32,423505N,084629W,,,
1484,"PONTEVEDRA, INSTITUTO",PONTEVEDRA,nan,19,422550N,083850W,,,
1484C,PONTEVEDRA,PONTEVEDRA,nan,113,422618N,083657W,,,
1486E,ESCUELA NAVAL DE MARÍN,PONTEVEDRA,nan,3,422346N,084225W,,,
1489A,A LAMA,PONTEVEDRA,nan,395,422425N,082704W,,,
1495,VIGO AEROPUERTO,PONTEVEDRA,nan,255,421419N,083726W,,,
1496X,VIGO ,PONTEVEDRA,nan,120,421350N,084327W,,,
1505,LUGO AEROPUERTO,LUGO,nan,442,430640N,072727W,,,
1518A,LUGO,LUGO,nan,442,425954N,073309W,,,
1521I,O PÁRAMO,LUGO,nan,403,425043N,072958W,,,
1521X,BECERREÁ,LUGO,nan,1080,425150N,071107W,,,
1541B,VILLABLINO,LEON,nan,958,425544N,062002W,,,
1542,PUERTO DE LEITARIEGOS,ASTURIAS,nan,1530,425939N,062451W,,,
1549,PONFERRADA,LEON,nan,532,423350N,063600W,,,
1561I,VEGA DE ESPINAREDA  ,LEON,nan,770,424558N,064025W,,,
1583X,O BARCO DE VALDEORRAS,OURENSE,nan,315,422456N,065935W,,,
1631E,A POBRA DE TRIVES,OURENSE,nan,840,422022N,071657W,,,
1639X,CHANDREXA DE QUEIXA,OURENSE,nan,990,421537N,072301W,,,
1658,FOLGOSO DO COUREL,LUGO,nan,612,423519N,071130W,,,
1679A,MONFORTE DE LEMOS,LUGO,nan,291,423154N,073039W,,,
1690A,OURENSE,OURENSE,nan,146,421931N,075135W,,,
1690B,"OURENSE,INSTITUTO",OURENSE,nan,148,421956N,075152W,,,
1696O,BEARIZ,OURENSE,nan,610,422805N,081641W,,,
1700X,O CARBALLIÑO,OURENSE,nan,400,422517N,080533W,,,
1701X,RIBADAVIA,OURENSE,nan,112,421760N,080745W,,,
1706A,ALLARIZ,OURENSE,nan,492,421058N,074746W,,,
1719,A CAÑIZA,PONTEVEDRA,nan,560,421305N,081652W,,,
1723X,"PONTEAREAS, CANEDO   ",PONTEVEDRA,nan,90,421056N,082934W,,,
1730E,O ROSAL,PONTEVEDRA,nan,55,415638N,085051W,,,
1735X,XINZO DE LIMIA,OURENSE,nan,616,420445N,074401W,,,
1738U,MUIÑOS,OURENSE,nan,730,415603N,075920W,,,
1740,"SANTILLANA DEL MAR, ALTAMIRA",CANTABRIA,nan,150,432238N,040728W,,,
2005Y,"VINUESA, QUINTANAREJO",SORIA,nan,1197,415804N,024658W,,,
2017Y,"LA PÓVEDA DE SORIA, BARRIOMARTÍN",SORIA,nan,1260,415945N,022939W,,,
2030,SORIA,SORIA,nan,1081,414630N,022859W,,,
2044B,LUBIA,SORIA,nan,1100,413602N,023027W,,,
2048A,MORÓN DE ALMAZÁN,SORIA,nan,978,412510N,022513W,,,
2059B,LA RIBA DE ESCALOTE,SORIA,nan,1042,412059N,024700W,,,
2084Y,UCERO,SORIA,nan,960,414319N,030249W,,,
2092,BURGO DE OSMA,SORIA,nan,932,413522N,030513W,,,
2096B,LICERAS,SORIA,nan,1150,412225N,031505W,,,
2106B,CORUÑA DEL CONDE,BURGOS,nan,955,414445N,032255W,,,
2117D,ARANDA DE DUERO,BURGOS,nan,790,413957N,034434W,,,
2135A,FRESNO DE CANTESPINO,SEGOVIA,nan,993,412222N,033026W,,,
2140A,ALDEANUEVA DE SERREZUELA,SEGOVIA,nan,1135,412752N,034709W,,,
2150H,"LA PINILLA, ESTACIÓN DE ESQUÍ",SEGOVIA,nan,1798,411131N,032831W,,,
2166Y,PEÑAFIEL,VALLADOLID,nan,756,413535N,040729W,,,
2172Y,SARDÓN DE DUERO,VALLADOLID,nan,725,413643N,042420W,,,
2182C,PEDRAZA,SEGOVIA,nan,1107,410802N,034725W,,,
2192C,CUÉLLAR,SEGOVIA,nan,795,412301N,041556W,,,
2235U,CERVERA DE PISUERGA,PALENCIA,nan,1140,425214N,043112W,,,
2243A,AGUILAR DE CAMPOO,PALENCIA,nan,910,424753N,041638W,,,
2276B,VILLAELES DE VALDAVIA,PALENCIA,nan,908,423408N,043430W,,,
2285B,VILLADIEGO,BURGOS,nan,869,423126N,040004W,,,
2290Y,PEDROSA DEL PRÍNCIPE,BURGOS,nan,771,421504N,041156W,,,
2296A,ÓLVEGA,SORIA,nan,1039,414632N,015836W,,,
2298,PALACIOS DE LA SIERRA,BURGOS,nan,1080,415735N,030754W,,,
2302N,MONTERRUBIO DE LA DEMANDA,BURGOS,nan,1197,420847N,030635W,,,
2311Y,VILLAMAYOR DE LOS MONTES,BURGOS,nan,884,420619N,034604W,,,
2331,BURGOS AEROPUERTO,BURGOS,nan,891,422125N,033713W,,,
2362C,"VELILLA DEL RÍO CARRIÓN, CAMPORREDONDO DE ALBA",PALENCIA,nan,1575,425338N,044249W,,,
2374X,CARRIÓN DE LOS CONDES,PALENCIA,nan,830,422103N,043702W,,,
2400E,AUTILLA DEL PINO,PALENCIA,nan,874,415944N,043610W,,,
2401,"PALENCIA, OBSERVATORIO",PALENCIA,nan,750,420018N,043145W,,,
2401X,PALENCIA,PALENCIA,nan,736,420034N,043338W,,,
2422,VALLADOLID,VALLADOLID,nan,734,413826N,044515W,,,
2430Y,MUÑOTELLO,AVILA,nan,1178,403236N,050239W,,,
2444,ÁVILA,AVILA,nan,1130,403933N,044047W,,,
2444C,"ÁVILA, AYUNTAMIENTO",AVILA,nan,1143,403924N,044201W,,,
2453E,GOTARRENDURA,AVILA,nan,920,404944N,044431W,,,
2456B,AREVALO,AVILA,nan,820,410417N,044348W,,,
2462,PUERTO DE NAVACERRADA,MADRID,nan,1892,404736N,040039W,,,
2465,SEGOVIA,SEGOVIA,nan,1008,405643N,040735W,,,
2465A,"SEGOVIA, INSTITUTO",SEGOVIA,nan,990,405648N,040657W,,,
2471Y,SAN RAFAEL,SEGOVIA,nan,1237,404307N,041243W,,,
2482B,MIGUELAÑEZ,SEGOVIA,nan,870,410735N,042233W,,,
2491C,"LA COVATILLA, ESTACIÓN DE ESQUÍ",SALAMANCA,nan,1960,402118N,054124W,,,
2503B,"OLMEDO, DEPÓSITO DE AGUA",VALLADOLID,nan,786,411648N,044131W,,,
2503X,OLMEDO,VALLADOLID,nan,740,411933N,044113W,,,
2507Y,RUEDA,VALLADOLID,nan,724,412510N,045749W,,,
2512Y,RIVILLA DE BARAJAS,AVILA,nan,925,405256N,050107W,,,
2517A,FUENTE EL SOL,VALLADOLID,nan,755,411022N,045623W,,,
2536D,MORALES DEL TORO,ZAMORA,nan,710,413254N,051617W,,,
2539,VALLADOLID AEROPUERTO,VALLADOLID,nan,846,414243N,045120W,,,
2555B,FUENTESAUCO,ZAMORA,nan,811,411412N,052853W,,,
2565,CORESES,ZAMORA,nan,702,413319N,053750W,,,
2568D,"SANTERVÁS DE LA VEGA, VILLAPÚN ",PALENCIA,nan,985,423125N,045104W,,,
2593D,VILLALÓN DE CAMPOS,VALLADOLID,nan,782,420539N,050228W,,,
2604B,MEDINA DE RIOSECO,VALLADOLID,nan,731,415233N,050225W,,,
2611D,VILLAFÁFILA,ZAMORA,nan,690,415123N,053533W,,,
2614,ZAMORA,ZAMORA,nan,656,413056N,054407W,,,
2624C,RIAÑO,LEON,nan,1090,425730N,050027W,,,
2626Y,CUBILLAS DE RUEDA,LEON,nan,916,423712N,051136W,,,
2630X,PUERTO DE SAN ISIDRO,LEON,nan,1510,430344N,052237W,,,
2661,"LEÓN, VIRGEN DEL CAMINO",LEON,nan,916,423518N,053904W,,,
2661B,LEÓN AEROPUERTO,LEON,nan,912,423558N,053837W,,,
2664B,VALENCIA DE DON JUAN,LEON,nan,788,421745N,053017W,,,
2701D,"BARRIOS DE LUNA, MIÑERA",LEON,nan,1120,425308N,055215W,,,
2728B,"QUINTANA DEL CASTILLO, VILLAMECA",LEON,nan,995,423854N,060415W,,,
2734D,ASTORGA,LEON,nan,919,422836N,060428W,,,
2737E,LAGUNAS DE SOMOZA,LEON,nan,1020,422239N,061148W,,,
2742R,BUSTILLO DEL PÁRAMO,LEON,nan,850,422759N,054647W,,,
2755X,BENAVENTE,ZAMORA,nan,715,420039N,054000W,,,
2766E,"SANABRIA, ROBLEDA-CERVANTES",ZAMORA,nan,933,420457N,063823W,,,
2775X,VILLARDECIERVOS,ZAMORA,nan,850,415629N,061647W,,,
2777K,SANTIBAÑEZ DE VIDRIALES,ZAMORA,nan,737,420441N,060026W,,,
2789H,POZUELO DE TABARA,ZAMORA,nan,711,414708N,055432W,,,
2804F,VILLADEPERA,ZAMORA,nan,790,413202N,060831W,,,
2811A,NAVARREDONDA DE GREDOS,AVILA,nan,1525,402102N,050835W,,,
2828Y,BARCO DE AVILA,AVILA,nan,1012,402119N,053109W,,,
2847X,PEDROSILLO DE LOS AIRES   ,SALAMANCA,nan,865,404032N,053836W,,,
2863C,PEDRAZA DE ALBA  ,SALAMANCA,nan,897,404356N,052158W,,,
2867,SALAMANCA AEROPUERTO,SALAMANCA,nan,790,405734N,052954W,,,
2870,SALAMANCA,SALAMANCA,nan,775,405727N,053944W,,,
2873X,BARBADILLO,SALAMANCA,nan,817,405413N,054647W,,,
2882D,PEÑAUSENDE,ZAMORA,nan,1003,411420N,055351W,,,
2885K,FRESNO DE SAYAGO,ZAMORA,nan,804,411816N,060120W,,,
2891A,VILLARINO DE LOS AIRES,SALAMANCA,nan,690,411546N,062744W,,,
2914C,BOADILLA FUENTE SAN ESTEBAN,SALAMANCA,nan,785,404710N,061210W,,,
2916A,VITIGUDINO,SALAMANCA,nan,769,410041N,062616W,,,
2918Y,EL MAÍLLO,SALAMANCA,nan,1027,403410N,061325W,,,
2926B,BAÑOBÁREZ,SALAMANCA,nan,748,405105N,063632W,,,
2930Y,NAVASFRÍAS,SALAMANCA,nan,880,401748N,064846W,,,
2945A,EL BODÓN BASE AÉREA,SALAMANCA,nan,805,402906N,063437W,,,
2946X,SAELICES EL CHICO,SALAMANCA,nan,680,403806N,063600W,,,
2966D,ALCAÑICES  ,ZAMORA,nan,840,414100N,061805W,,,
2969U,A GUDIÑA,OURENSE,nan,910,420138N,071059W,,,
2978X,VERÍN,OURENSE,nan,380,415536N,072519W,,,
3013,MOLINA DE ARAGÓN,GUADALAJARA,nan,1062,405030N,015244W,,,
3021Y,ZAOREJAS,GUADALAJARA,nan,1250,404530N,021159W,,,
3040Y,BETETA,CUENCA,nan,1214,403418N,020435W,,,
3044X,CAÑIZARES,CUENCA,nan,928,403149N,020900W,,,
3085Y,PASTRANA,GUADALAJARA,nan,920,402428N,025711W,,,
3094B,TARANCÓN,CUENCA,nan,819,400043N,030117W,,,
3099Y,OCAÑA,TOLEDO,nan,733,395607N,032946W,,,
3100B,ARANJUEZ,MADRID,nan,540,400402N,033246W,,,
3103,PANTANO EL VADO,GUADALAJARA,nan,910,410013N,031807W,,,
3104Y,RASCAFRÍA,MADRID,nan,1159,405323N,035318W,,,
3110C,BUITRAGO DEL LOZOYA,MADRID,nan,1030,410025N,033650W,,,
3111D,SOMOSIERRA,MADRID,nan,1450,410808N,033450W,,,
3125Y,SAN SEBASTIÁN DE LOS REYES,MADRID,nan,672,403300N,033700W,,,
3126Y,"MADRID, EL GOLOSO",MADRID,nan,740,403341N,034243W,,,
3129,MADRID AEROPUERTO,MADRID,nan,609,402800N,033320W,,,
3130C,SIGÜENZA,GUADALAJARA,nan,1005,410511N,023705W,,,
3140Y,MANDAYONA,GUADALAJARA,nan,990,405906N,024536W,,,
3168A,"GUADALAJARA, INSTITUTO",GUADALAJARA,nan,685,403805N,031000W,,,
3168C,"GUADALAJARA, EL SERRANILLO",GUADALAJARA,nan,639,403933N,031024W,,,
3168D,GUADALAJARA,GUADALAJARA,nan,727,403749N,030901W,,,
3170Y,ALCALA DE HENARES,MADRID,nan,605,403142N,031723W,,,
3175,TORREJÓN DE ARDOZ,MADRID,nan,607,402919N,032637W,,,
3182Y,ARGANDA DEL REY,MADRID,nan,533,401842N,032952W,,,
3191E,COLMENAR VIEJO,MADRID,nan,1004,404146N,034554W,,,
3194U,"MADRID, CIUDAD UNIVERSITARIA",MADRID,nan,664,402706N,034327W,,,
3194Y,POZUELO DE ALARCÓN,MADRID,nan,665,402654N,034848W,,,
3195,"MADRID, RETIRO",MADRID,nan,667,402443N,034041W,,,
3196,"MADRID, CUATRO VIENTOS",MADRID,nan,690,402232N,034710W,,,
3200,GETAFE,MADRID,nan,620,401758N,034320W,,,
3209Y,BRIHUEGA,GUADALAJARA,nan,835,404555N,025227W,,,
3229Y,TIELMES,MADRID,nan,594,401450N,031842W,,,
3245Y,TEMBLEQUE,TOLEDO,nan,635,394146N,033021W,,,
3254Y,MORA,TOLEDO,nan,717,394113N,034650W,,,
3259,"TOLEDO, LORENZANA",TOLEDO,nan,540,395134N,040132W,,,
3260B,TOLEDO,TOLEDO,nan,513,395305N,040243W,,,
3266A,PUERTO ALTO DEL LEÓN,MADRID,nan,1532,404223N,040831W,,,
3268C,ALPEDRETE,MADRID,nan,924,403935N,040103W,,,
3298X,SAN PABLO DE LOS MONTES,TOLEDO,nan,917,393249N,042102W,,,
3305Y,NAVAHERMOSA,TOLEDO,nan,750,393750N,042837W,,,
3319D,PUERTO DEL PICO,AVILA,nan,1285,402023N,050046W,,,
3330Y,ROZAS DE PUERTO REAL,MADRID,nan,890,401847N,042914W,,,
3337U,CEBREROS,AVILA,nan,850,402803N,042721W,,,
3338,ROBLEDO DE CHAVELA,MADRID,nan,763,402540N,041460W,,,
3343Y,VALDEMORILLO,MADRID,nan,884,402948N,040340W,,,
3362Y,CASTILLO DE BAYUELA,TOLEDO,nan,560,400630N,044050W,,,
3365A,TALAVERA DE LA REINA,TOLEDO,nan,372,395731N,045149W,,,
3386A,NAVALVILLAR DE IBOR,CACERES,nan,923,393530N,052330W,,,
3391,SOTILLO DE LA ADRADA,AVILA,nan,630,401719N,043527W,,,
3422D,CANDELEDA,AVILA,nan,350,400821N,051841W,,,
3423I,MADRIGAL DE LA VERA,CACERES,nan,464,400914N,052224W,,,
3427Y,OROPESA,TOLEDO,nan,345,395936N,050652W,,,
3434X,NAVALMORAL DE LA MATA,CACERES,nan,269,395645N,053457W,,,
3436D,GARGANTA LA OLLA,CACERES,nan,690,400640N,054705W,,,
3448X,SERRADILLA,CACERES,nan,406,394915N,060739W,,,
3455X,JARAICEJO,CACERES,nan,559,394012N,054830W,,,
3463X,TRUJILLO,CACERES,nan,503,392857N,055115W,,,
3463Y,TRUJILLO,CACERES,nan,523,392751N,055227W,,,
3469,"CÁCERES, CIUDAD",CACERES,nan,459,392833N,062235W,,,
3469A,CÁCERES,CACERES,nan,394,392817N,062020W,,,
3475X,CAÑAVERAL,CACERES,nan,373,394726N,062235W,,,
3494U,NUÑOMORAL,CACERES,nan,470,402429N,061423W,,,
3503,GUIJO DE GRANADILLA,CACERES,nan,393,401122N,061003W,,,
3504X,HERVÁS,CACERES,nan,724,401554N,055140W,,,
3512X,MONTEHERMOSO,CACERES,nan,351,400451N,062020W,,,
3514B,TORNAVACAS,CACERES,nan,991,401531N,054042W,,,
3516X,PIORNAL,CACERES,nan,1260,400715N,054957W,,,
3519X,PLASENCIA,CACERES,nan,415,400235N,060509W,,,
3526X,CORIA,CACERES,nan,313,400013N,063327W,,,
3531X,TORRECILLA DE LOS ANGELES,CACERES,nan,459,401518N,062442W,,,
3536X,HOYOS,CACERES,nan,560,401029N,064328W,,,
3540X,ZARZA LA MAYOR,CACERES,nan,336,395217N,065136W,,,
3547X,VALVERDE DEL FRESNO,CACERES,nan,450,401226N,065346W,,,
3562X,ALISEDA,CACERES,nan,321,392539N,064411W,,,
3565X,BROZAS,CACERES,nan,425,393705N,064442W,,,
3576X,VALENCIA DE ALCÁNTARA,CACERES,nan,444,392453N,071352W,,,
4007Y,OSSA DE MONTIEL,ALBACETE,nan,905,385757N,024442W,,,
4051Y,ALCÁZAR DEL REY,CUENCA,nan,875,400340N,024825W,,,
4061X,QUINTANAR DE LA ORDEN,TOLEDO,nan,692,393550N,030254W,,,
4064Y,ALCAZAR DE SAN JUAN,CIUDAD REAL,nan,640,392327N,031257W,,,
4067,MADRIDEJOS,TOLEDO,nan,690,392931N,033142W,,,
4070Y,ABIA DE OBISPALIA,CUENCA,nan,1020,400108N,022343W,,,
4075Y,VILLARES DEL SAZ,CUENCA,nan,870,395025N,023012W,,,
4089A,ALBERCA DE ZANCARA,CUENCA,nan,858,393101N,022945W,,,
4090Y,SAN CLEMENTE,CUENCA,nan,728,392500N,022514W,,,
4091Y,VILLARROBLEDO,ALBACETE,nan,718,391543N,023533W,,,
4093Y,OSA DE LA VEGA,CUENCA,nan,763,393922N,024536W,,,
4095Y,BELMONTE,CUENCA,nan,745,393319N,024220W,,,
4096Y,MUNERA,ALBACETE,nan,918,390100N,022920W,,,
4103X,TOMELLOSO,CIUDAD REAL,nan,662,391009N,030027W,,,
4116I,ALMAGRO / FAMET,CIUDAD REAL,nan,626,385703N,034431W,,,
4121,CIUDAD REAL,CIUDAD REAL,nan,626,385921N,035513W,,,
4121C,"CIUDAD REAL, INSTITUTO",CIUDAD REAL,nan,627,385916N,035545W,,,
4138Y,VILLANUEVA DE LOS INFANTES,CIUDAD REAL,nan,900,384415N,030016W,,,
4147X,VALDEPEÑAS,CIUDAD REAL,nan,700,384502N,032329W,,,
4148,VISO DEL MARQUÉS,CIUDAD REAL,nan,804,383105N,033400W,,,
4193Y,EL ROBLEDO,CIUDAD REAL,nan,587,391301N,041658W,,,
4195E,"ALCORNOQUERA, PARQUE NACIONAL CABAÑEROS",CIUDAD REAL,nan,651,391915N,042342W,,,
4210Y,ABENÓJAR,CIUDAD REAL,nan,718,385353N,041731W,,,
4220X,PUEBLA DE DON RODRIGO,CIUDAD REAL,nan,531,390501N,043719W,,,
4236Y,PUERTO REY ,CACERES,nan,689,392702N,050135W,,,
4244X,HERRERA DEL DUQUE,BADAJOZ,nan,447,391010N,050344W,,,
4245X,GUADALUPE,CACERES,nan,660,392719N,051960W,,,
4260,PERALEDA DEL ZAUCEJO,BADAJOZ,nan,542,382847N,053439W,,,
4263X,VALSEQUILLO,CORDOBA,nan,575,382434N,052102W,,,
4267X,HINOJOSA DEL DUQUE,CORDOBA,nan,551,382954N,050717W,,,
4300Y,ALMADÉN,CIUDAD REAL,nan,535,384631N,045043W,,,
4325Y,CASTUERA,BADAJOZ,nan,459,384431N,053145W,,,
4339X,CAÑAMERO,CACERES,nan,590,391851N,052208W,,,
4340,NAVALVILLAR DE PELA,BADAJOZ,nan,313,390612N,052741W,,,
4347X,ZORITA,CACERES,nan,413,391658N,054237W,,,
4358X,DON BENITO,BADAJOZ,nan,274,385720N,055250W,,,
4362X,RETAMAL DE LLERENA,BADAJOZ,nan,474,383435N,055045W,,,
4386B,LLERENA,BADAJOZ,nan,655,381354N,060101W,,,
4395X,VILLAFRANCA DE LOS BARROS,BADAJOZ,nan,430,383306N,061824W,,,
4410X,MÉRIDA,BADAJOZ,nan,228,385457N,062308W,,,
4411C,ALCUESCAR,CACERES,nan,467,391151N,061352W,,,
4427X,ZAFRA,BADAJOZ,nan,433,382533N,062612W,,,
4436Y,ALMENDRALEJO,BADAJOZ,nan,371,384120N,062140W,,,
4452,BADAJOZ AEROPUERTO,BADAJOZ,nan,186,385300N,064850W,,,
4464X,ALBURQUERQUE,BADAJOZ,nan,283,391055N,065943W,,,
4468X,PUEBLA DE OBANDO,BADAJOZ,nan,392,391036N,063603W,,,
4478X,BADAJOZ,BADAJOZ,nan,174,385310N,070034W,,,
4486X,OLIVENZA,BADAJOZ,nan,275,384151N,070504W,,,
4489X,ALCONCHEL,BADAJOZ,nan,170,382905N,071655W,,,
4492F,BARCARROTA,BADAJOZ,nan,377,382822N,065524W,,,
4497X,VILLANUEVA DEL FRESNO,BADAJOZ,nan,247,382220N,070929W,,,
4499X,MONESTERIO,BADAJOZ,nan,771,380453N,061619W,,,
4501X,FUENTE DE CANTOS,BADAJOZ,nan,602,381231N,061841W,,,
4511C,JEREZ DE LOS CABALLEROS,BADAJOZ,nan,381,381755N,064554W,,,
4520X,FREGENAL DE LA SIERRA,BADAJOZ,nan,586,381042N,063942W,,,
4527X,AROCHE,HUELVA,nan,267,375849N,065833W,,,
4541X,EL GRANADO,HUELVA,nan,60,373313N,073112W,,,
4549Y,AYAMONTE,HUELVA,nan,3,371141N,072342W,,,
4554X,CARTAYA,HUELVA,nan,15,371306N,070501W,,,
4560Y,ALAJAR,HUELVA,nan,572,375207N,064030W,,,
4575X,VALVERDE DEL CAMINO,HUELVA,nan,280,373431N,064604W,,,
4584X,EL CERRO DE ANDÉVALO,HUELVA,nan,270,374354N,065632W,,,
4589X,"ALOSNO, THARSIS",HUELVA,nan,276,373552N,070710W,,,
4605,HUELVA,HUELVA,nan,17,371524N,065659W,,,
4608X,EL CAMPILLO,HUELVA,nan,415,374038N,063748W,,,
4622X,VILLARRASA,HUELVA,nan,145,372703N,063812W,,,
4642E,"HUELVA, RONDA ESTE",HUELVA,nan,18,371642N,065442W,,,
5000A,"CEUTA, MONTE HACHO",CEUTA,nan,200,355344N,051732W,,,
5000C,CEUTA,CEUTA,nan,87,355319N,052049W,,,
5038X,CAZORLA,JAEN,nan,782,375457N,030014W,,,
5038Y,CAZORLA,JAEN,nan,799,375457N,030014W,,,
5047E,BAZA,GRANADA,nan,785,373021N,024406W,,,
5051X,HUÉSCAR,GRANADA,nan,1100,375141N,023910W,,,
5060X,VÉLEZ BLANCO - TOPARES,ALMERIA,nan,1190,375139N,021341W,,,
5103E,"CAMARATE 2, PARQUE NACIONAL SIERRA NEVADA",GRANADA,nan,2152,370930N,031525W,,,
5103F,"CAMARATE, PARQUE NACIONAL SIERRA NEVADA",GRANADA,nan,1534,371128N,031514W,,,
5107D,DÓLAR,GRANADA,nan,1197,371048N,025911W,,,
5164B,BAEZA,JAEN,nan,771,375948N,032743W,,,
5165X,TORRES,JAEN,nan,910,374651N,033349W,,,
5181D,ARROYO DEL OJANCO,JAEN,nan,580,381853N,025323W,,,
5192,VILLARRODRIGO,JAEN,nan,862,382921N,023815W,,,
5210X,VILLANUEVA DEL ARZOBISPO,JAEN,nan,680,381030N,025953W,,,
5246,SANTA ELENA,JAEN,nan,770,382040N,033207W,,,
5270,"JAÉN, INSTITUTO",JAEN,nan,510,374635N,034720W,,,
5270B,JAÉN,JAEN,nan,580,374639N,034833W,,,
5279X,LINARES,JAEN,nan,515,380904N,033746W,,,
5281X,BAILÉN,JAEN,nan,345,380535N,034657W,,,
5298X,ANDÚJAR,JAEN,nan,202,380123N,040348W,,,
5304Y,PUERTOLLANO,CIUDAD REAL,nan,665,384008N,040333W,,,
5341C,FUENCALIENTE,CIUDAD REAL,nan,710,382544N,041806W,,,
5346X,CARDEÑA,CORDOBA,nan,720,381112N,041621W,,,
5361X,MONTORO,CORDOBA,nan,155,380048N,041949W,,,
5390Y,VILLANUEVA DE CÓRDOBA,CORDOBA,nan,750,381959N,043632W,,,
5394X,"CÓRDOBA, EMBALSE DE GUADANUÑO",CORDOBA,nan,525,380115N,044748W,,,
5402,CÓRDOBA AEROPUERTO,CORDOBA,nan,90,375056N,045048W,,,
5406X,ALCALÁ LA REAL,JAEN,nan,908,372951N,035429W,,,
5412X,PRIEGO DE CÓRDOBA,CORDOBA,nan,550,372905N,041228W,,,
5427X,DOÑA MENCÍA,CORDOBA,nan,650,373322N,042114W,,,
5429X,"CÓRDOBA, PRÁGDENA",CORDOBA,nan,275,374837N,042744W,,,
5459X,ESPIEL,CORDOBA,nan,465,380640N,045543W,,,
5470,FUENTE PALMERA,CORDOBA,nan,120,374511N,050602W,,,
5473X,AZUAGA,BADAJOZ,nan,581,381604N,054110W,,,
5511,"PRADOLLANO, PARQUE NACIONAL SIERRA NEVADA",GRANADA,nan,3092,370352N,032217W,,,
5514,GRANADA BASE AÉREA,GRANADA,nan,687,370814N,033753W,,,
5514Z,GRANADA BASE AÉREA,GRANADA,nan,695,370810N,033800W,,,
5515D,VÍZNAR,GRANADA,nan,1258,371413N,033302W,,,
5515X,GRANADA-CARTUJA,GRANADA,nan,775,371123N,033544W,,,
5516D,SIERRA NEVADA 'RADIOTELESCOPIO',GRANADA,nan,2856,370347N,032313W,,,
5530E,GRANADA AEROPUERTO,GRANADA,nan,560,371125N,034723W,,,
5582A,LOJA,GRANADA,nan,760,370940N,040910W,,,
5598X,BENAMEJÍ,CORDOBA,nan,465,371351N,043252W,,,
5612B,LA RODA DE ANDALUCÍA,SEVILLA,nan,410,371140N,044612W,,,
5612X,LORA DE ESTEPA,SEVILLA,nan,450,371613N,044937W,,,
5624X,AGUILAR DE LA FRONTERA,CORDOBA,nan,309,372855N,044109W,,,
5625X,LA RAMBLA,CORDOBA,nan,200,373819N,044550W,,,
5641X,ÉCIJA,SEVILLA,nan,130,373058N,050506W,,,
5654X,LA PUEBLA DE LOS INFANTES,SEVILLA,nan,200,374712N,052216W,,,
5656,FUENTES DE ANDALUCÍA,SEVILLA,nan,165,372950N,052559W,,,
5702X,CARMONA,SEVILLA,nan,50,373356N,054426W,,,
5704B,CAZALLA DE LA SIERRA,SEVILLA,nan,550,375535N,054611W,,,
5726X,GUADALCANAL,SEVILLA,nan,720,380558N,054909W,,,
5733X,ALMADÉN DE LA PLATA,SEVILLA,nan,450,374728N,060430W,,,
5769X,CALA,HUELVA,nan,618,375825N,061920W,,,
5783,SEVILLA AEROPUERTO,SEVILLA,nan,34,372500N,055245W,,,
5788X,"TOMARES, ZAUDÍN",SEVILLA,nan,84,372142N,060335W,,,
5790Y,"SEVILLA, TABLADA",SEVILLA,nan,9,372151N,060021W,,,
5796,MORÓN DE LA FRONTERA,SEVILLA,nan,87,370952N,053641W,,,
5835X,CARRIÓN DE LOS CÉSPEDES,SEVILLA,nan,76,372136N,062003W,,,
5858X,ALMONTE,HUELVA,nan,5,365919N,062635W,,,
5860E,"MOGUER, EL ARENOSILLO",HUELVA,nan,41,370553N,064417W,,,
5891X,LAS CABEZAS DE SAN JUAN,SEVILLA,nan,105,365712N,055048W,,,
5906X,CHIPIONA,CADIZ,nan,10,364500N,062402W,,,
5910,"ROTA, BASE NAVAL",CADIZ,nan,21,363820N,061957W,,,
5911A,GRAZALEMA,CADIZ,nan,913,364538N,052227W,,,
5919X,OLVERA,CADIZ,nan,530,365554N,051534W,,,
5941X,EL BOSQUE,CADIZ,nan,295,364346N,053044W,,,
5950X,SAN JOSÉ DEL VALLE,CADIZ,nan,105,363950N,054660W,,,
5960,JEREZ DE LA FRONTERA AEROPUERTO,CADIZ,nan,27,364502N,060321W,,,
5972X,SAN FERNANDO,CADIZ,nan,28,362756N,061220W,,,
5973,CÁDIZ,CADIZ,nan,2,362959N,061528W,,,
5983X,MEDINA SIDONIA,CADIZ,nan,70,362422N,055513W,,,
5995B,VEJER DE LA FRONTERA,CADIZ,nan,186,361444N,055754W,,,
5996B,BARBATE,CADIZ,nan,4,361105N,055434W,,,
5998X,OSUNA,SEVILLA,nan,255,371436N,050645W,,,
6000A,MELILLA,MELILLA,nan,52,351635N,025723W,,,
6001,TARIFA,CADIZ,nan,32,360050N,053556W,,,
6032B,RONDA,MALAGA,nan,766,364459N,051006W,,,
6032X,RONDA INSTITUTO,MALAGA,nan,760,364460N,051007W,,,
6040X,CORTES DE LA FRONTERA,MALAGA,nan,315,363240N,052311W,,,
6042I,JIMENA DE LA FRONTERA,CADIZ,nan,42,362608N,052342W,,,
6045X,ALPANDEIRE,MALAGA,nan,676,363757N,051211W,,,
6050X,GAUCÍN,MALAGA,nan,594,363107N,051907W,,,
6056X,SAN ROQUE  ,CADIZ,nan,1,361623N,051704W,,,
6057X,MANILVA,MALAGA,nan,140,362242N,051536W,,,
6058I,ESTEPONA,MALAGA,nan,19,362501N,050918W,,,
6069X,BENAHAVÍS,MALAGA,nan,392,363237N,050129W,,,
6076X,"MARBELLA, PUERTO",MALAGA,nan,2,362904N,045711W,,,
6083X,MARBELLA,MALAGA,nan,2,362860N,044425W,,,
6084X,FUENGIROLA,MALAGA,nan,8,363219N,043706W,,,
6088X,TORREMOLINOS,MALAGA,nan,85,363714N,043054W,,,
6100B,ANTEQUERA AYUNTAMIENTO (AUTOMÁTICA THIES),MALAGA,nan,515,370126N,043345W,,,
6106X,ANTEQUERA,MALAGA,nan,408,370146N,044454W,,,
6127X,ÁLORA,MALAGA,nan,172,365117N,044148W,,,
6143X,COÍN,MALAGA,nan,230,363928N,044539W,,,
6155A,MÁLAGA AEROPUERTO,MALAGA,nan,7,363958N,042856W,,,
6156X,"MÁLAGA, CENTRO METEOROLÓGICO",MALAGA,nan,54,364304N,042854W,,,
6172O,"MÁLAGA, PUERTO",MALAGA,nan,25,364260N,042511W,,,
6172X,MÁLAGA,MALAGA,nan,25,364260N,042511W,,,
6175X,RINCÓN DE LA VICTORIA,MALAGA,nan,7,364254N,041710W,,,
6199X,VÉLEZ-MÁLAGA,MALAGA,nan,41,364607N,040537W,,,
6201X,ALGARROBO,MALAGA,nan,35,364521N,040238W,,,
6205X,TORROX,MALAGA,nan,3,364335N,035726W,,,
6213X,NERJA,MALAGA,nan,169,364546N,035043W,,,
6248D,"CAÑAR, PARQUE NACIONAL SIERRA NEVADA",GRANADA,nan,1732,365708N,032549W,,,
6258X,LANJARÓN,GRANADA,nan,708,365523N,032933W,,,
6267X,SALOBREÑA,GRANADA,nan,20,364454N,033443W,,,
6268X,MOTRIL,GRANADA,nan,12,364322N,033149W,,,
6268Y,"MOTRIL, PUERTO",GRANADA,nan,3,364326N,033145W,,,
6272X,CASTELL DE FERRO,GRANADA,nan,235,364403N,032248W,,,
6277B,ADRA,ALMERIA,nan,8,364450N,030114W,,,
6281X,VÁLOR,GRANADA,nan,1020,370019N,030417W,,,
6291B,EL EJIDO,ALMERIA,nan,98,364629N,024847W,,,
6293X,ROQUETAS DE MAR,ALMERIA,nan,3,364113N,024206W,,,
6297,ALMERÍA,ALMERIA,nan,7,364952N,022720W,,,
6299I,"LAGUNA SECA, PARQUE NACIONAL SIERRA NEVADA",GRANADA,nan,2300,370545N,025752W,,,
6302A,ABLA,ALMERIA,nan,869,370829N,024648W,,,
6307C,"LAÚJAR, PARQUE NACIONAL SIERRA NEVADA",ALMERIA,nan,1713,370311N,025350W,,,
6307X,LÁUJAR DE ANDARAX,ALMERIA,nan,1510,370160N,025445W,,,
6312E,"RÁGOL, PARQUE NACIONAL SIERRA NEVADA",ALMERIA,nan,601,370115N,024038W,,,
6325O,ALMERÍA AEROPUERTO,ALMERIA,nan,21,365047N,022125W,,,
6329X,CABO DE GATA,ALMERIA,nan,42,364319N,021135W,,,
6332X,CARBONERAS,ALMERIA,nan,16,365849N,015413W,,,
6332Y,CARBONERAS,ALMERIA,nan,222,365632N,015425W,,,
6335O,"NACIMIENTO, PARQUE NACIONAL SIERRA NEVADA",ALMERIA,nan,970,370636N,024157W,,,
6340X,GARRUCHA,ALMERIA,nan,28,371009N,014943W,,,
6364X,ALBOX,ALMERIA,nan,508,372424N,020905W,,,
6367B,HUÉRCAL-OVERA,ALMERIA,nan,300,372326N,015637W,,,
6375X,FUENTE DE PIEDRA,MALAGA,nan,420,370756N,044431W,,,
6381,ALBORÁN,ALMERIA,nan,15,355618N,030210W,,,
7002Y,ÁGUILAS,MURCIA,nan,32,372502N,013513W,,,
7007Y,MAZARRÓN,MURCIA,nan,66,373517N,011350W,,,
7012C,CARTAGENA,MURCIA,nan,17,373604N,005916W,,,
7012D,CARTAGENA,MURCIA,nan,56,373616N,010124W,,,
7019X,CARTAGENA/SALINAS CABO PALOS,MURCIA,nan,3,373809N,004256W,,,
7020C,MURCIA AEROPUERTO,MURCIA,nan,205,374827N,010741W,,,
7023X,FUENTE ÁLAMO DE MURCIA,MURCIA,nan,140,374335N,011002W,,,
7026X,TORRE-PACHECO,MURCIA,nan,50,374420N,005803W,,,
7031,SAN JAVIER AEROPUERTO,MURCIA,nan,4,374720N,004812W,,,
7031X,SAN JAVIER AEROPUERTO,MURCIA,nan,4,374642N,004821W,,,
7066Y,"YESTE, EMBALSE FUENSANTA",ALBACETE,nan,680,382336N,021308W,,,
7067Y,NERPIO,ALBACETE,nan,1485,380518N,022447W,,,
7072Y,YESTE,ALBACETE,nan,960,381742N,021738W,,,
7080X,MORATALLA,MURCIA,nan,955,381606N,015911W,,,
7096B,HELLÍN,ALBACETE,nan,605,383231N,014211W,,,
7103Y,TOBARRA,ALBACETE,nan,615,383517N,014122W,,,
7119B,CARAVACA DE LA CRUZ,MURCIA,nan,643,380611N,015238W,,,
7121A,CALASPARRA,MURCIA,nan,350,381403N,014208W,,,
7127X,BULLAS,MURCIA,nan,690,380257N,014143W,,,
7138B,JUMILLA,MURCIA,nan,485,382732N,012007W,,,
7145D,CIEZA,MURCIA,nan,265,381358N,012250W,,,
7158X,ARCHENA,MURCIA,nan,150,380741N,011821W,,,
7172X,MULA,MURCIA,nan,255,380229N,012657W,,,
7178I,MURCIA,MURCIA,nan,62,380007N,011015W,,,
7195X,"CARAVACA DE LA CRUZ, LOS ROYOS",MURCIA,nan,985,375534N,020330W,,,
7203A,"LORCA, ZARCILLA DE RAMOS",MURCIA,nan,646,375041N,015211W,,,
7209,LORCA,MURCIA,nan,312,373917N,014114W,,,
7211B,PUERTO LUMBRERAS,MURCIA,nan,445,373405N,014750W,,,
7218Y,TOTANA,MURCIA,nan,281,374531N,013046W,,,
7227X,ALHAMA DE MURCIA,MURCIA,nan,157,375142N,012005W,,,
7228,"ALCANTARILLA, BASE AÉREA",MURCIA,nan,75,375728N,011343W,,,
7237E,MOLINA DE SEGURA,MURCIA,nan,170,380820N,010931W,,,
7244X,ORIHUELA,ALICANTE,nan,26,380404N,005853W,,,
7247X,EL PINÓS/PINOSO,ALICANTE,nan,575,382359N,010217W,,,
7250C,ABANILLA,MURCIA,nan,174,381140N,010202W,,,
7261X,ROJALES,ALICANTE,nan,31,380517N,004255W,,,
7275C,YECLA,MURCIA,nan,640,383606N,010935W,,,
8005X,FONTANARS DELS ALFORINS,VALENCIA,nan,622,384648N,004745W,,,
8008Y,VILLENA,ALICANTE,nan,486,383437N,005156W,,,
8013X,NOVELDA,ALICANTE,nan,233,382308N,004528W,,,
8018X,ELX/ELCHE,ALICANTE,nan,110,381715N,004050W,,,
8019,ALICANTE-ELCHE AEROPUERTO,ALICANTE,nan,43,381658N,003415W,,,
8025,ALACANT/ALICANTE,ALICANTE,nan,81,382221N,002939W,,,
8036Y,BENIDORM,ALICANTE,nan,36,383237N,000816W,,,
8050X,JÁVEA/ XÀBIA,ALICANTE,nan,15,384703N,001000E,,,
8057C,PEGO,ALICANTE,nan,60,385048N,000706W,,,
8058X,OLIVA,VALENCIA,nan,5,385544N,000545W,,,
8058Y,MIRAMAR,VALENCIA,nan,12,385701N,000816W,,,
8059C,ALCOI/ALCOY,ALICANTE,nan,530,384239N,002736W,,,
8072Y,BARX,VALENCIA,nan,340,390101N,001817W,,,
8084Y,PANTANO DE LA TOBA (AUTOMATICA),CUENCA,nan,1154,401321N,015533W,,,
8096,CUENCA,CUENCA,nan,949,400402N,020755W,,,
8155Y,MOTILLA DEL PALANCAR,CUENCA,nan,830,393319N,015455W,,,
8175,ALBACETE BASE AÉREA,ALBACETE,nan,702,385715N,015123W,,,
8177A,CHINCHILLA,ALBACETE,nan,880,385615N,013932W,,,
8178D,ALBACETE,ALBACETE,nan,674,390020N,015144W,,,
8193E,JALANCE,VALENCIA,nan,372,391230N,010540W,,,
8198Y,ALMANSA,ALBACETE,nan,710,385102N,010347W,,,
8203O,ZARRA,VALENCIA,nan,855,390458N,010603W,,,
8210Y,SALVACAÑETE,CUENCA,nan,1160,400611N,013013W,,,
8245Y,MIRA,CUENCA,nan,815,394252N,012633W,,,
8270X,BICORP,VALENCIA,nan,305,390801N,004724W,,,
8283X,ONTINYENT,VALENCIA,nan,350,384946N,003628W,,,
8293X,XÀTIVA,VALENCIA,nan,88,390006N,003123W,,,
8300X,CARCAIXENT,VALENCIA,nan,25,390648N,002645W,,,
8309X,UTIEL,VALENCIA,nan,758,393432N,011441W,,,
8325X,POLINYÀ DE XÚQUER,VALENCIA,nan,12,391105N,002219W,,,
8337X,TURÍS,VALENCIA,nan,186,392332N,003729W,,,
8354X,ALBARRACÍN,TERUEL,nan,1130,402511N,012629W,,,
8368U,TERUEL,TERUEL,nan,902,402103N,010727W,,,
8376,JABALOYAS,TERUEL,nan,1430,401410N,012442W,,,
8381X,ADEMUZ,VALENCIA,nan,705,400338N,011701W,,,
8395X,CHELVA,VALENCIA,nan,515,394512N,005937W,,,
8409X,LLÍRIA,VALENCIA,nan,198,393950N,003914W,,,
8414A,VALENCIA AEROPUERTO,VALENCIA,nan,56,392906N,002829W,,,
8416,VALÈNCIA,VALENCIA,nan,11,392850N,002159W,,,
8416X,"VALENCIA, UPV",VALENCIA,nan,6,392846N,002014W,,,
8416Y,"VALÈNCIA, VIVEROS",VALENCIA,nan,11,392850N,002159W,,,
8439X,SEGORBE,CASTELLON,nan,400,394744N,002907W,,,
8446Y,SAGUNT/SAGUNTO,VALENCIA,nan,24,394203N,001532W,,,
8458X,CEDRILLAS,TERUEL,nan,1380,402550N,005058W,,,
8472A,MONTANEJOS,CASTELLON,nan,601,400516N,003249W,,,
8486X,MOSQUERUELA,TERUEL,nan,1515,402145N,002716W,,,
8489X,VILLAFRANCA DEL CID/VILAFRANCA,CASTELLON,nan,1130,402600N,001520W,,,
8492X,ATZENETA DEL MAESTRAT,CASTELLON,nan,420,401338N,001011W,,,
8500A,CASTELLÓ - ALMASSORA,CASTELLON,nan,43,395726N,000419W,,,
8501,CASTELLÓ DE LA PLANA,CASTELLON,nan,23,395921N,000156W,,,
8503Y,TORREBLANCA,CASTELLON,nan,35,401241N,001101E,,,
8520X,LA POBLA DE BENIFASSÀ-FREDES,CASTELLON,nan,1165,404137N,000955E,,,
8523X,VINARÒS,CASTELLON,nan,111,403315N,002547E,,,
9001D,REINOSA,CANTABRIA,nan,870,425931N,040938W,,,
9001S,ALTO CAMPOO,CANTABRIA,nan,1650,430212N,042228W,,,
9012E,SANTA GADEA DE ALFOZ,BURGOS,nan,915,425705N,035726W,,,
9016X,"VALDERREDIBLE, CUBILLO DE EBRO",CANTABRIA,nan,770,424835N,040156W,,,
9019B,"VALDERREDIBLE, POLIENTES   ",CANTABRIA,nan,720,424822N,035602W,,,
9027X,SARGENTES DE LA LORA,BURGOS,nan,1017,424449N,035304W,,,
9031C,BRIVIESCA,BURGOS,nan,730,423334N,031832W,,,
9051,MEDINA DE POMAR,BURGOS,nan,580,425512N,032858W,,,
9060X,LALASTRA,ARABA/ALAVA,nan,910,425231N,031354W,,,
9069C,MIRANDA DE EBRO,BURGOS,nan,460,424114N,025738W,,,
9073X,"AGURAIN/SALVATIERRA, OPAKUA",ARABA/ALAVA,nan,660,424947N,022135W,,,
9087,VITORIA AERÓDROMO,ARABA/ALAVA,nan,521,425059N,023922W,,,
9091O,FORONDA-TXOKIZA,ARABA/ALAVA,nan,513,425255N,024406W,,,
9091R,VITORIA-GASTEIZ AEROPUERTO,ARABA/ALAVA,nan,513,425219N,024358W,,,
9111,BELORADO,BURGOS,nan,820,422516N,031013W,,,
9115X,VALDEZCARAY,LA RIOJA,nan,1630,421518N,025805W,,,
9121X,HARO,LA RIOJA,nan,465,423431N,025117W,,,
9122I,LABASTIDA,ARABA/ALAVA,nan,612,423614N,024636W,,,
9136X,"ANGUIANO, VALVANERA",LA RIOJA,nan,1006,421351N,025216W,,,
9141V,NÁJERA,LA RIOJA,nan,500,422451N,024336W,,,
9145X,LEZA,ARABA/ALAVA,nan,575,423402N,023758W,,,
9145Y,CENICERO,LA RIOJA,nan,429,422858N,023822W,,,
9170,"LOGROÑO, AEROPUERTO",LA RIOJA,nan,353,422708N,021952W,,,
9171K,LOS ARCOS,NAVARRA,nan,470,423413N,021102W,,,
9178X,CAMPEZO/KANPEZU,ARABA/ALAVA,nan,570,424014N,022046W,,,
9188,ENCISO,LA RIOJA,nan,855,420858N,021624W,,,
9195C,ASTÚN- LA RACA,HUESCA,nan,2276,424735N,003019W,,,
9198X,CANFRANC,HUESCA,nan,1197,424458N,003058W,,,
9201K,JACA,HUESCA,nan,823,423444N,003249W,,,
9201X,JACA,HUESCA,nan,832,423447N,003242W,,,
9207,"VALLE DE HECHO, HECHO",HUESCA,nan,860,424426N,004502W,,,
9208E,ARAGÜÉS DEL PUERTO,HUESCA,nan,1025,424231N,004022W,,,
9211F,"BAILO, PUYALTO",HUESCA,nan,722,423051N,004902W,,,
9218A,ISABA/IZABA,NAVARRA,nan,838,425145N,005529W,,,
9228J,OROZ-BETELU/OROTZ-BETELU,NAVARRA,nan,635,425346N,011801W,,,
9228T,RONCESVALLES/ORREAGA,NAVARRA,nan,947,430028N,011932W,,,
9238X,NAVASCUÉS/NABASKOZE,NAVARRA,nan,612,424303N,010702W,,,
9244X,SOS DEL REY CATÓLICO,ZARAGOZA,nan,626,422927N,011248W,,,
9245X,CÁSEDA,NAVARRA,nan,440,423117N,012159W,,,
9252X,OLITE/ERRIBERRI,NAVARRA,nan,390,422921N,013920W,,,
9257X,"ESTERIBAR, EMBALSE DE EUGI",NAVARRA,nan,615,425814N,013101W,,,
9262,PAMPLONA,NAVARRA,nan,450,424904N,013818W,,,
9262P,MONREAL/ELO,NAVARRA,nan,585,424204N,012944W,,,
9263D,"PAMPLONA, AEROPUERTO",NAVARRA,nan,459,424637N,013900W,,,
9263X,"ARANGUREN, ILUNDAIN",NAVARRA,nan,572,424634N,013157W,,,
9274X,IRURTZUN,NAVARRA,nan,432,425508N,015006W,,,
9280B,LARRAGA,NAVARRA,nan,375,423258N,015127W,,,
9283X,CADREITA,NAVARRA,nan,268,421225N,014241W,,,
9287A,SAN PEDRO MANRIQUE,SORIA,nan,1096,420135N,021351W,,,
9293X,"ALFARO, LA PLANA",LA RIOJA,nan,371,421034N,014438W,,,
9294E,"BARDENAS REALES, BASE AÉREA",NAVARRA,nan,295,421155N,012831W,,,
9299X,TARAZONA,ZARAGOZA,nan,475,415454N,014324W,,,
9301X,MONTEAGUDO,NAVARRA,nan,410,415732N,014126W,,,
9302Y,TUDELA,NAVARRA,nan,297,420320N,013634W,,,
9321X,EJEA DE LOS CABALLEROS,ZARAGOZA,nan,321,420716N,010823W,,,
9336D,CASTEJON DE VALDEJASA,ZARAGOZA,nan,543,415903N,005945W,,,
9344C,ARCOS DE JALÓN,SORIA,nan,863,411259N,021735W,,,
9352A,ALMAZUL,SORIA,nan,1000,413429N,020825W,,,
9354X,ALHAMA DE ARAGON,ZARAGOZA,nan,703,411735N,015343W,,,
9374X,SANTA EULALIA DEL CAMPO,TERUEL,nan,1000,403400N,011915W,,,
9377Y,EL PEDREGAL,GUADALAJARA,nan,1185,404643N,013406W,,,
9381,"CALAMOCHA, AERÓDROMO",TERUEL,nan,932,405154N,011818W,,,
9381I,CALAMOCHA,TERUEL,nan,884,405534N,011736W,,,
9390,DAROCA,ZARAGOZA,nan,774,410652N,012436W,,,
9394X,CALATAYUD,ZARAGOZA,nan,582,411952N,013843W,,,
9427X,LA ALMUNIA DE DOÑA GODINA,ZARAGOZA,nan,370,412852N,012251W,,,
9434,"ZARAGOZA, AEROPUERTO",ZARAGOZA,nan,249,413938N,010015W,,,
9434P,"ZARAGOZA, VALDESPARTERA",ZARAGOZA,nan,258,413716N,005605W,,,
9436X,FONFRÍA,TERUEL,nan,1255,405943N,010515W,,,
9445L,"FORMIGAL, SARRIOS",HUESCA,nan,1800,424545N,002334W,,,
9451F,"PANTICOSA, PETROSOS",HUESCA,nan,1850,424216N,001631W,,,
9453X,"BIESCAS, EMBALSE DE BÚBAL",HUESCA,nan,1100,424157N,001908W,,,
9460X,SABIÑÁNIGO,HUESCA,nan,775,423046N,002120W,,,
9491X,ALMUDÉVAR,HUESCA,nan,390,420146N,003509W,,,
9495Y,LECIÑENA,ZARAGOZA,nan,405,414748N,003702W,,,
9501X,VALMADRID,ZARAGOZA,nan,535,412635N,005309W,,,
9510X,QUINTO,ZARAGOZA,nan,205,412545N,003014W,,,
9513X,MUNIESA,TERUEL,nan,800,410152N,004820W,,,
9531Y,MONTALBÁN,TERUEL,nan,895,404943N,004734W,,,
9546B,HIJAR,TERUEL,nan,305,411019N,002631W,,,
9550C,"ANDORRA, HORCALLANA",TERUEL,nan,762,405828N,002428W,,,
9561X,CASTELLOTE,TERUEL,nan,755,404754N,001855W,,,
9562X,MORELLA,CASTELLON,nan,990,403718N,000607W,,,
9563X,CASTELLFORT,CASTELLON,nan,1220,402955N,001112W,,,
9569A,CALANDA,TERUEL,nan,466,405648N,001416W,,,
9573X,ALCAÑIZ,TERUEL,nan,334,410329N,000830W,,,
9574B,"CASPE, PLANA DEL PILÓN",ZARAGOZA,nan,215,411433N,000407W,,,
9576C,BUJARALOZ,ZARAGOZA,nan,357,413119N,001027W,,,
9585,LA MOLINA,GIRONA,nan,1699,421957N,015622E,,,
9590,MARTINET  ,LLEIDA,nan,1038,422144N,014136E,,,
9590D,CAP DE REC,LLEIDA,nan,1940,422549N,014003E,,,
9619,LA SEU D'URGELL,LLEIDA,nan,677,422117N,012746E,,,
9632X,TUIXENT,LLEIDA,nan,1196,421349N,013410E,,,
9638D,COLL DE NARGÓ,LLEIDA,nan,609,420916N,011843E,,,
9647X,TORÀ,LLEIDA,nan,435,414821N,012344E,,,
9650X,ARTESA DE SEGRE,LLEIDA,nan,400,415253N,010631E,,,
9657X,ESTERRI D'ÀNEU,LLEIDA,nan,952,423730N,010734E,,,
9660,SANT MAURICI (LLAC),LLEIDA,nan,1907,423451N,010027E,,,
9677,PORT AINÉ,LLEIDA,nan,2410,422436N,011253E,,,
9689X,TORRE DE CABDELLA ,LLEIDA,nan,1273,422759N,005927E,,,
9698U,TALARN,LLEIDA,nan,807,421217N,005153E,,,
9707,LLIMIANA,LLEIDA,nan,515,420401N,005426E,,,
9718X,TORDERA - GRANYANELLA,LLEIDA,nan,463,414052N,011323E,,,
9720X,TÀRREGA,LLEIDA,nan,388,413902N,010858E,,,
9724X,OS DE BALAGUER,LLEIDA,nan,520,415224N,004522E,,,
9726E,LLORAC,TARRAGONA,nan,657,413326N,011834E,,,
9729X,MOLLERUSSA,LLEIDA,nan,252,413701N,005160E,,,
9744B,VALL DE BOÍ,LLEIDA,nan,1089,423012N,004756E,,,
9751,SOPEIRA,HUESCA,nan,760,421907N,004449E,,,
9756X,BENABARRE,HUESCA,nan,765,420645N,002848E,,,
9771,"LLEIDA, OBSERVATORIO",LLEIDA,nan,199,413702N,003716E,,,
9771C,LLEIDA,LLEIDA,nan,186,413734N,003553E,,,
9772X,LA POBLA DE CÉRVOLES,LLEIDA,nan,673,412158N,005449E,,,
9775X,EL SOLERÀS,LLEIDA,nan,392,412449N,004042E,,,
9776D,ELS TORMS,LLEIDA,nan,488,412336N,004403E,,,
9784P,BIELSA,HUESCA,nan,992,423748N,001329E,,,
9808X,"AÍNSA-SOBRARBE, LA SERRETA",HUESCA,nan,610,422518N,000817E,,,
9812M,"PARADOR DE ORDESA, PARQUE NACIONAL ORDESA Y MONTEPERDIDO",HUESCA,nan,1206,423919N,000557W,,,
9814A,TORLA,HUESCA,nan,1020,423736N,000642W,,,
9814I,"TORLA-ORDESA, EL CEBOLLAR",HUESCA,nan,1905,423922N,000728W,,,
9814X,TORLA - ORDESA,HUESCA,nan,1076,423815N,000643W,,,
9838B,BENASQUE,HUESCA,nan,1120,423558N,003114E,,,
9839V,"CERLER, COGULLA",HUESCA,nan,2374,423318N,003235E,,,
9843A,SEIRA,HUESCA,nan,825,422837N,002603E,,,
9855E,"CAPELLA, LAGUARRES",HUESCA,nan,600,421205N,002758E,,,
9866C,BARBASTRO,HUESCA,nan,305,420117N,000826E,,,
9894Y,SARIÑENA,HUESCA,nan,300,414757N,000939W,,,
9898,"HUESCA, AEROPUERTO",HUESCA,nan,546,420504N,001932W,,,
9901X,HUESCA,HUESCA,nan,463,420820N,002342W,,,
9908X,LANAJA,HUESCA,nan,380,414626N,001959W,,,
9911X,BALLOBAR,HUESCA,nan,178,413710N,001116E,,,
9918Y,"TAMARITE DE LITERA, LA MELUSA",HUESCA,nan,218,414651N,002237E,,,
9924X,FRAGA,HUESCA,nan,170,413129N,002120E,,,
9935X,VALDERROBRES,TERUEL,nan,483,405224N,000847E,,,
9946X,HORTA DE SANT JOAN,TARRAGONA,nan,495,405711N,001842E,,,
9947X,LA POBLA DE MASSALUCA,TARRAGONA,nan,370,411038N,002112E,,,
9961X,CABACÉS,TARRAGONA,nan,363,411458N,004407E,,,
9975X,RASQUERA,TARRAGONA,nan,112,410018N,003649E,,,
9981A,ESTACIÓN DE TORTOSA (ROQUETES),TARRAGONA,nan,50,404913N,002936E,,,
9987P,SANT JAUME D'ENVEJA,TARRAGONA,nan,1,404157N,004836E,,,
9988B,CAP DE VAQUÈIRA,LLEIDA,nan,2467,424131N,005826E,,,
9990X,"NAUT ARAN, ARTIES ",LLEIDA,nan,1161,424201N,005237E,,,
9994X,BOSSÒST,LLEIDA,nan,722,424634N,004123E,,,
9995Y,VALCARLOS/LUZAIDE,NAVARRA,nan,334,430528N,011803W,,,
9998X,BELLO,TERUEL,nan,1006,405517N,012940W,,,
